transaction_id,amount,merchant_category,hour_of_day,day_of_week,customer_age,account_age_days,num_transactions_last_24h,distance_from_home_km,is_fraud
TXN00001,94.59,electronics,16,Friday,27,999,4,9.0,0
TXN00002,199.87,petrol,21,Wednesday,22,1320,2,6.8,0
TXN00003,11.36,pharmacy,19,Wednesday,60,1037,1,16.7,0
TXN00004,38.49,restaurant,11,Tuesday,62,2346,3,4.2,0
TXN00005,63.58,restaurant,9,Thursday,61,2096,3,26.1,0
TXN00006,20.02,atm_withdrawal,12,Wednesday,74,3347,2,7.1,0
TXN00007,17.5,electronics,17,Tuesday,70,2195,2,13.7,0
TXN00008,65.03,petrol,17,Friday,27,3537,3,25.8,0
TXN00009,34.66,luxury_goods,13,Wednesday,62,3033,4,26.2,0
TXN00010,10.0,pharmacy,15,Tuesday,68,1002,1,22.8,0
TXN00011,75.43,restaurant,16,Friday,38,3419,1,1.1,0
TXN00012,27.03,atm_withdrawal,15,Saturday,42,2535,4,18.5,0
TXN00013,20.52,entertainment,16,Monday,71,2651,5,25.4,0
TXN00014,106.62,pharmacy,13,Friday,34,2210,1,22.2,0
TXN00015,141.34,travel,18,Thursday,35,2596,3,21.0,0
TXN00016,60.98,petrol,14,Monday,55,3105,1,16.8,0
TXN00017,20.34,atm_withdrawal,14,Tuesday,27,2405,1,24.0,0
TXN00018,66.57,pharmacy,13,Sunday,29,3245,2,22.6,0
TXN00019,428.41,petrol,16,Thursday,71,1558,5,1.4,0
TXN00020,65.49,luxury_goods,13,Sunday,43,3370,5,18.6,0
TXN00021,26.75,luxury_goods,15,Monday,46,2015,1,19.3,0
TXN00022,62.5,online_retail,9,Monday,65,3086,4,29.1,0
TXN00023,21.75,petrol,11,Saturday,72,3641,3,28.7,0
TXN00024,500.0,atm_withdrawal,21,Tuesday,66,2565,2,12.2,0
TXN00025,33.46,atm_withdrawal,15,Tuesday,61,267,5,9.4,0
TXN00026,31.99,luxury_goods,11,Saturday,28,640,3,3.9,0
TXN00027,42.49,petrol,14,Monday,66,2212,4,9.8,0
TXN00028,12.74,atm_withdrawal,19,Sunday,42,922,3,9.7,0
TXN00029,17.69,petrol,15,Sunday,52,3579,4,26.1,0
TXN00030,27.05,petrol,11,Tuesday,33,2557,2,22.9,0
TXN00031,135.55,grocery,8,Monday,25,819,3,17.0,0
TXN00032,22.86,pharmacy,18,Sunday,54,2597,2,11.7,0
TXN00033,25.6,grocery,17,Wednesday,46,3427,1,28.4,0
TXN00034,6.85,online_retail,13,Thursday,71,261,5,22.2,0
TXN00035,29.99,grocery,15,Sunday,70,3563,2,10.6,0
TXN00036,61.2,travel,10,Sunday,68,2449,3,17.5,0
TXN00037,282.1,electronics,11,Monday,51,2771,1,2.5,0
TXN00038,13.61,pharmacy,13,Saturday,34,401,5,20.9,0
TXN00039,16.32,luxury_goods,12,Friday,36,2742,1,19.2,0
TXN00040,12.49,pharmacy,18,Tuesday,75,2004,2,29.4,0
TXN00041,62.36,restaurant,17,Tuesday,48,3412,3,21.7,0
TXN00042,6.03,petrol,14,Sunday,70,3283,1,4.3,0
TXN00043,285.2,atm_withdrawal,8,Sunday,65,3553,3,20.2,0
TXN00044,4.31,luxury_goods,9,Wednesday,67,1288,3,17.4,0
TXN00045,9.86,pharmacy,19,Wednesday,72,1853,1,0.8,0
TXN00046,87.58,pharmacy,7,Friday,57,90,1,23.9,0
TXN00047,104.46,travel,18,Sunday,50,1272,2,4.0,0
TXN00048,54.87,pharmacy,20,Thursday,28,1061,4,17.4,0
TXN00049,7.55,pharmacy,10,Saturday,30,2752,3,5.2,0
TXN00050,329.94,electronics,20,Tuesday,38,1759,4,13.8,0
TXN00051,7.25,luxury_goods,12,Monday,72,1706,1,8.3,0
TXN00052,130.14,online_retail,10,Sunday,56,1200,5,21.0,0
TXN00053,110.08,electronics,17,Thursday,32,2613,2,23.7,0
TXN00054,46.88,electronics,11,Thursday,29,2017,1,26.1,0
TXN00055,79.24,luxury_goods,11,Wednesday,52,2300,2,24.2,0
TXN00056,36.83,travel,10,Tuesday,66,367,3,8.1,0
TXN00057,16.44,travel,14,Sunday,62,484,4,22.5,0
TXN00058,13.15,entertainment,18,Thursday,40,746,1,16.7,0
TXN00059,25.85,entertainment,18,Thursday,29,489,2,0.6,0
TXN00060,39.29,luxury_goods,9,Wednesday,28,2018,2,22.4,0
TXN00061,29.6,electronics,17,Saturday,25,1092,1,12.4,0
TXN00062,45.05,entertainment,17,Tuesday,68,194,4,29.9,0
TXN00063,60.05,entertainment,8,Wednesday,28,2375,4,8.9,0
TXN00064,217.27,pharmacy,11,Thursday,71,3624,3,22.6,0
TXN00065,19.17,grocery,18,Friday,47,3574,5,1.5,0
TXN00066,54.19,luxury_goods,14,Saturday,71,698,3,12.1,0
TXN00067,7.92,luxury_goods,10,Friday,35,3420,2,10.2,0
TXN00068,55.57,restaurant,17,Sunday,23,287,1,12.8,0
TXN00069,33.99,travel,19,Friday,61,289,5,29.8,0
TXN00070,45.19,entertainment,11,Saturday,23,1552,1,10.7,0
TXN00071,13.8,restaurant,14,Sunday,49,2731,3,17.2,0
TXN00072,7.2,online_retail,13,Friday,49,1706,2,5.3,0
TXN00073,88.47,entertainment,11,Tuesday,28,1661,5,17.9,0
TXN00074,44.39,petrol,10,Thursday,66,715,2,2.4,0
TXN00075,31.49,entertainment,12,Monday,27,111,3,13.6,0
TXN00076,44.07,pharmacy,16,Tuesday,72,2476,2,18.9,0
TXN00077,22.47,online_retail,14,Friday,52,3642,4,5.5,0
TXN00078,43.86,pharmacy,20,Friday,71,3442,5,18.6,0
TXN00079,34.76,entertainment,15,Thursday,49,850,5,20.0,0
TXN00080,1.92,petrol,9,Sunday,31,822,1,12.9,0
TXN00081,5.7,petrol,13,Saturday,52,2045,2,22.8,0
TXN00082,3.67,online_retail,17,Wednesday,69,2960,1,6.7,0
TXN00083,71.58,atm_withdrawal,7,Monday,32,1897,4,0.5,0
TXN00084,199.51,travel,21,Tuesday,55,1750,5,29.1,0
TXN00085,1262.22,atm_withdrawal,2,Saturday,27,56,6,1179.4,1
TXN00086,26.89,travel,18,Sunday,41,1481,3,0.7,0
TXN00087,65.76,luxury_goods,10,Saturday,36,305,1,12.7,0
TXN00088,59.38,atm_withdrawal,21,Friday,49,451,1,8.3,0
TXN00089,217.46,luxury_goods,10,Thursday,53,335,2,21.5,0
TXN00090,116.25,travel,14,Sunday,58,2343,3,2.6,0
TXN00091,65.49,grocery,14,Sunday,58,2759,2,10.0,0
TXN00092,0.66,atm_withdrawal,13,Monday,29,113,21,930.4,1
TXN00093,55.39,pharmacy,16,Saturday,75,1315,5,10.4,0
TXN00094,65.78,luxury_goods,18,Tuesday,26,1221,4,10.5,0
TXN00095,15.27,petrol,18,Sunday,39,3092,1,23.3,0
TXN00096,151.89,luxury_goods,11,Sunday,44,1184,4,2.8,0
TXN00097,86.07,luxury_goods,14,Sunday,25,1947,2,15.6,0
TXN00098,279.51,pharmacy,12,Sunday,64,3163,4,26.1,0
TXN00099,9.67,petrol,16,Friday,41,1753,5,25.1,0
TXN00100,26.13,atm_withdrawal,8,Monday,62,2583,2,21.4,0
TXN00101,18.66,electronics,20,Tuesday,46,1346,3,4.3,0
TXN00102,134.67,petrol,15,Monday,75,1602,5,16.8,0
TXN00103,19.63,luxury_goods,10,Tuesday,69,1691,5,9.2,0
TXN00104,50.04,grocery,12,Tuesday,63,371,1,22.7,0
TXN00105,64.69,atm_withdrawal,18,Friday,45,1793,5,27.4,0
TXN00106,34.08,online_retail,19,Wednesday,48,1536,5,16.3,0
TXN00107,40.9,grocery,9,Sunday,58,3284,2,25.8,0
TXN00108,1391.88,travel,17,Saturday,27,164,21,1237.5,1
TXN00109,7.22,pharmacy,8,Wednesday,65,2570,2,17.5,0
TXN00110,48.62,online_retail,7,Wednesday,46,1054,4,22.7,0
TXN00111,17.24,luxury_goods,9,Monday,55,724,4,9.2,0
TXN00112,40.76,petrol,18,Saturday,33,2153,5,21.0,0
TXN00113,40.35,petrol,19,Tuesday,52,2380,2,14.9,0
TXN00114,42.45,entertainment,21,Wednesday,30,1657,2,19.4,0
TXN00115,31.37,atm_withdrawal,15,Wednesday,71,2482,2,29.2,0
TXN00116,59.55,online_retail,17,Tuesday,64,511,3,23.5,0
TXN00117,1043.95,online_retail,1,Saturday,25,130,24,101.7,1
TXN00118,8.84,online_retail,9,Sunday,66,2211,4,2.0,0
TXN00119,50.05,entertainment,21,Monday,48,308,4,15.3,0
TXN00120,17.72,atm_withdrawal,20,Monday,37,2214,5,12.2,0
TXN00121,21.19,luxury_goods,11,Saturday,30,2702,4,3.5,0
TXN00122,25.82,pharmacy,17,Friday,60,251,1,6.1,0
TXN00123,35.66,petrol,20,Friday,51,1207,2,24.4,0
TXN00124,30.87,petrol,13,Friday,66,3155,5,9.3,0
TXN00125,14.0,petrol,8,Monday,55,699,2,6.2,0
TXN00126,38.49,restaurant,14,Monday,43,1222,3,25.9,0
TXN00127,434.14,atm_withdrawal,7,Wednesday,61,915,2,10.6,0
TXN00128,19.2,grocery,14,Tuesday,63,799,5,24.1,0
TXN00129,15.95,grocery,18,Tuesday,48,2771,2,2.7,0
TXN00130,50.07,petrol,8,Monday,67,652,1,5.3,0
TXN00131,42.24,luxury_goods,19,Wednesday,48,860,1,5.9,0
TXN00132,41.86,electronics,14,Wednesday,44,615,2,3.5,0
TXN00133,39.9,petrol,9,Tuesday,27,2586,4,18.8,0
TXN00134,48.54,grocery,20,Friday,62,217,5,17.6,0
TXN00135,14.07,restaurant,16,Saturday,46,1529,4,9.8,0
TXN00136,19.04,luxury_goods,9,Saturday,44,575,2,29.8,0
TXN00137,31.83,travel,9,Sunday,25,2918,3,6.5,0
TXN00138,16.92,electronics,21,Saturday,56,644,4,12.7,0
TXN00139,2.8,online_retail,14,Friday,49,1682,1,21.3,0
TXN00140,149.01,petrol,21,Thursday,53,1641,3,16.6,0
TXN00141,56.76,pharmacy,14,Friday,37,2945,2,9.3,0
TXN00142,46.27,luxury_goods,11,Tuesday,68,2898,3,27.7,0
TXN00143,17.07,electronics,9,Wednesday,42,2560,2,14.6,0
TXN00144,37.34,atm_withdrawal,15,Saturday,23,252,2,27.7,0
TXN00145,20.23,petrol,16,Saturday,47,375,2,22.4,0
TXN00146,54.16,pharmacy,11,Thursday,26,2910,1,5.2,0
TXN00147,17.35,entertainment,9,Tuesday,68,2328,4,5.9,0
TXN00148,5.45,electronics,10,Friday,56,826,5,1.3,0
TXN00149,79.97,petrol,7,Tuesday,54,1957,3,2.3,0
TXN00150,140.75,electronics,15,Thursday,57,3463,1,3.9,0
TXN00151,0.83,online_retail,0,Sunday,28,28,12,423.6,1
TXN00152,263.82,electronics,10,Friday,61,3103,5,7.8,0
TXN00153,40.79,petrol,19,Tuesday,57,1734,5,10.5,0
TXN00154,295.84,entertainment,14,Sunday,57,621,5,26.6,0
TXN00155,21.07,online_retail,12,Saturday,26,2786,5,24.7,0
TXN00156,9.51,atm_withdrawal,8,Saturday,35,2718,5,29.1,0
TXN00157,53.12,grocery,15,Tuesday,68,1618,1,26.8,0
TXN00158,7.37,petrol,13,Tuesday,63,3355,5,7.8,0
TXN00159,41.57,travel,11,Tuesday,49,3308,5,18.4,0
TXN00160,1996.33,electronics,17,Saturday,18,118,24,1997.0,1
TXN00161,49.65,travel,12,Saturday,48,809,2,4.4,0
TXN00162,3351.69,electronics,2,Sunday,29,54,13,1418.5,1
TXN00163,191.0,electronics,14,Tuesday,28,195,2,5.5,0
TXN00164,9.54,grocery,12,Sunday,49,1204,5,2.4,0
TXN00165,13.96,entertainment,7,Saturday,39,3299,4,15.0,0
TXN00166,14.41,entertainment,14,Sunday,52,2564,1,15.3,0
TXN00167,18.87,online_retail,8,Thursday,50,3371,5,13.7,0
TXN00168,0.55,online_retail,13,Monday,26,165,15,267.5,1
TXN00169,46.83,atm_withdrawal,14,Wednesday,70,1102,3,23.1,0
TXN00170,36.94,travel,12,Monday,57,1960,1,11.4,0
TXN00171,53.19,electronics,13,Thursday,22,1530,3,22.7,0
TXN00172,61.67,electronics,17,Wednesday,54,2393,2,19.8,0
TXN00173,62.15,travel,10,Sunday,30,3220,3,9.0,0
TXN00174,14.3,pharmacy,20,Friday,26,603,3,19.4,0
TXN00175,944.43,travel,17,Monday,28,55,25,1023.5,1
TXN00176,75.34,online_retail,10,Sunday,23,2634,2,7.5,0
TXN00177,15.21,travel,11,Tuesday,28,293,4,17.4,0
TXN00178,68.15,pharmacy,12,Tuesday,50,272,3,13.5,0
TXN00179,17.26,atm_withdrawal,16,Tuesday,50,273,2,6.4,0
TXN00180,137.07,electronics,9,Thursday,63,1640,3,17.8,0
TXN00181,31.0,online_retail,17,Saturday,44,771,5,1.8,0
TXN00182,199.25,electronics,8,Thursday,30,1132,4,23.1,0
TXN00183,7.99,entertainment,11,Sunday,74,2091,4,14.1,0
TXN00184,66.03,pharmacy,11,Saturday,72,324,1,20.3,0
TXN00185,8.71,online_retail,18,Wednesday,28,3191,4,1.9,0
TXN00186,47.09,electronics,14,Tuesday,42,169,2,2.0,0
TXN00187,57.96,pharmacy,20,Friday,52,2172,2,20.9,0
TXN00188,9.2,atm_withdrawal,17,Saturday,62,2400,4,15.9,0
TXN00189,16.56,grocery,17,Monday,39,1904,4,14.8,0
TXN00190,19.89,grocery,12,Wednesday,30,1674,5,12.9,0
TXN00191,37.41,petrol,8,Thursday,59,2067,5,20.5,0
TXN00192,220.7,atm_withdrawal,17,Monday,58,982,4,21.1,0
TXN00193,18.85,online_retail,13,Monday,45,1009,1,9.9,0
TXN00194,53.16,entertainment,8,Saturday,56,3211,2,6.2,0
TXN00195,74.65,travel,7,Tuesday,47,2544,1,0.7,0
TXN00196,37.68,luxury_goods,7,Thursday,26,1995,3,23.3,0
TXN00197,47.78,luxury_goods,19,Saturday,74,984,2,20.6,0
TXN00198,7.88,travel,7,Tuesday,69,1814,5,3.9,0
TXN00199,9.72,pharmacy,21,Sunday,31,2777,5,27.6,0
TXN00200,29.14,entertainment,11,Wednesday,45,2190,4,14.2,0
TXN00201,55.81,online_retail,21,Sunday,29,1959,2,24.1,0
TXN00202,94.36,travel,14,Saturday,74,2698,3,5.0,0
TXN00203,80.13,grocery,21,Wednesday,48,1001,2,22.9,0
TXN00204,11.45,grocery,8,Wednesday,33,2468,3,1.6,0
TXN00205,33.82,restaurant,16,Friday,54,1664,4,17.6,0
TXN00206,282.58,restaurant,13,Monday,70,2685,1,13.6,0
TXN00207,2959.78,online_retail,16,Saturday,21,98,13,934.2,1
TXN00208,16.76,luxury_goods,18,Thursday,34,2411,2,16.5,0
TXN00209,11.27,pharmacy,7,Wednesday,69,2027,4,11.9,0
TXN00210,41.12,travel,12,Friday,66,1718,1,25.6,0
TXN00211,73.09,petrol,9,Monday,40,3548,1,15.5,0
TXN00212,77.98,grocery,16,Wednesday,52,2050,4,10.6,0
TXN00213,32.51,grocery,19,Saturday,34,1261,3,25.9,0
TXN00214,7.5,luxury_goods,18,Wednesday,23,2207,3,15.7,0
TXN00215,45.79,entertainment,18,Monday,54,2736,2,1.7,0
TXN00216,36.46,atm_withdrawal,20,Tuesday,62,2976,3,22.8,0
TXN00217,9.39,luxury_goods,21,Wednesday,55,2145,3,25.0,0
TXN00218,31.1,atm_withdrawal,8,Saturday,35,3026,5,14.9,0
TXN00219,9.6,luxury_goods,7,Friday,57,2390,3,20.3,0
TXN00220,25.15,entertainment,18,Thursday,48,701,3,11.6,0
TXN00221,33.0,pharmacy,20,Wednesday,72,2991,1,24.8,0
TXN00222,93.46,restaurant,10,Thursday,62,2522,1,16.1,0
TXN00223,58.59,petrol,13,Wednesday,40,3100,4,29.0,0
TXN00224,5.99,travel,21,Thursday,47,1680,1,17.7,0
TXN00225,141.67,online_retail,20,Monday,39,1936,2,22.6,0
TXN00226,263.86,pharmacy,8,Saturday,75,2767,2,9.3,0
TXN00227,16.19,petrol,14,Monday,30,2147,5,10.3,0
TXN00228,13.54,entertainment,15,Tuesday,33,2222,1,23.7,0
TXN00229,14.63,atm_withdrawal,13,Friday,52,3243,2,22.8,0
TXN00230,43.67,restaurant,13,Wednesday,62,3484,4,21.4,0
TXN00231,23.12,entertainment,8,Friday,24,3057,4,28.0,0
TXN00232,28.02,atm_withdrawal,21,Thursday,58,109,3,5.7,0
TXN00233,32.04,atm_withdrawal,19,Sunday,46,1525,5,24.2,0
TXN00234,49.36,online_retail,11,Friday,73,1341,3,13.0,0
TXN00235,26.02,travel,8,Saturday,51,2620,4,8.5,0
TXN00236,268.38,entertainment,11,Saturday,66,2802,4,4.3,0
TXN00237,15.44,online_retail,12,Thursday,39,3434,4,11.3,0
TXN00238,65.46,luxury_goods,7,Wednesday,74,1943,1,18.7,0
TXN00239,335.18,travel,15,Saturday,39,1791,4,29.4,0
TXN00240,19.3,electronics,16,Friday,26,2024,2,15.3,0
TXN00241,29.53,travel,14,Monday,27,1700,5,14.0,0
TXN00242,8.18,online_retail,16,Tuesday,70,3451,4,27.9,0
TXN00243,8.1,restaurant,11,Saturday,54,1742,2,23.5,0
TXN00244,25.86,entertainment,20,Wednesday,48,3220,4,24.9,0
TXN00245,26.08,travel,8,Tuesday,27,857,4,13.7,0
TXN00246,51.82,grocery,10,Thursday,69,3247,1,15.9,0
TXN00247,105.97,restaurant,14,Thursday,71,1572,5,18.0,0
TXN00248,19.23,atm_withdrawal,9,Wednesday,69,408,2,10.7,0
TXN00249,54.82,pharmacy,11,Sunday,22,3144,2,17.6,0
TXN00250,15.67,restaurant,10,Monday,50,1374,4,5.0,0
TXN00251,40.09,petrol,14,Wednesday,44,985,5,8.4,0
TXN00252,33.54,restaurant,10,Sunday,63,1590,3,11.8,0
TXN00253,72.75,luxury_goods,7,Thursday,59,2401,1,3.0,0
TXN00254,12.81,online_retail,14,Wednesday,38,1991,1,3.4,0
TXN00255,414.44,entertainment,16,Wednesday,65,1717,2,12.7,0
TXN00256,9.83,luxury_goods,8,Saturday,64,1824,5,11.2,0
TXN00257,43.45,entertainment,18,Monday,70,1532,5,14.7,0
TXN00258,9.61,petrol,17,Saturday,22,3165,1,23.5,0
TXN00259,18.6,restaurant,16,Friday,72,1418,4,0.9,0
TXN00260,123.64,grocery,15,Thursday,38,438,4,15.3,0
TXN00261,161.74,restaurant,8,Thursday,28,3139,3,24.4,0
TXN00262,12.96,pharmacy,11,Friday,56,2112,4,2.9,0
TXN00263,6.64,grocery,16,Sunday,36,3126,2,1.0,0
TXN00264,40.31,entertainment,14,Tuesday,63,2603,5,7.7,0
TXN00265,60.97,electronics,13,Saturday,62,1800,3,3.9,0
TXN00266,129.91,online_retail,11,Tuesday,43,2738,1,27.7,0
TXN00267,8.31,restaurant,21,Friday,24,1031,2,27.1,0
TXN00268,13.36,luxury_goods,15,Thursday,28,197,1,10.9,0
TXN00269,11.91,entertainment,12,Saturday,41,1057,5,8.6,0
TXN00270,125.1,grocery,18,Friday,55,590,3,14.7,0
TXN00271,20.04,pharmacy,15,Sunday,27,515,3,18.7,0
TXN00272,106.99,restaurant,11,Wednesday,66,2746,2,21.7,0
TXN00273,0.68,luxury_goods,1,Monday,20,173,12,837.4,1
TXN00274,296.03,pharmacy,16,Saturday,31,1059,2,29.3,0
TXN00275,152.86,electronics,7,Tuesday,75,3598,3,4.9,0
TXN00276,6.33,online_retail,9,Tuesday,74,1730,3,20.7,0
TXN00277,40.28,online_retail,12,Thursday,58,1964,2,9.8,0
TXN00278,61.6,restaurant,7,Tuesday,53,665,4,3.7,0
TXN00279,2079.38,atm_withdrawal,4,Monday,35,57,15,1693.6,1
TXN00280,178.38,online_retail,8,Tuesday,33,197,5,18.7,0
TXN00281,105.49,pharmacy,9,Sunday,51,834,1,8.2,0
TXN00282,46.46,petrol,7,Thursday,62,1341,2,13.2,0
TXN00283,500.0,petrol,14,Friday,63,1901,3,5.9,0
TXN00284,35.96,restaurant,10,Saturday,62,3258,2,26.0,0
TXN00285,43.25,luxury_goods,14,Thursday,24,1304,2,9.9,0
TXN00286,10.14,travel,12,Wednesday,63,332,1,19.7,0
TXN00287,10.29,restaurant,18,Friday,31,1205,3,18.3,0
TXN00288,35.72,online_retail,11,Sunday,72,2011,2,11.4,0
TXN00289,19.48,travel,11,Monday,57,2513,2,19.0,0
TXN00290,6.29,entertainment,18,Sunday,56,2522,1,3.7,0
TXN00291,15.5,entertainment,21,Saturday,36,1507,5,26.9,0
TXN00292,1.02,electronics,23,Sunday,32,14,25,1969.1,1
TXN00293,9.47,luxury_goods,7,Tuesday,28,1245,3,4.2,0
TXN00294,15.54,online_retail,12,Tuesday,46,2423,2,15.2,0
TXN00295,94.93,grocery,17,Monday,34,1183,2,29.5,0
TXN00296,20.66,electronics,17,Thursday,31,1919,5,14.8,0
TXN00297,30.5,online_retail,12,Thursday,41,3308,4,29.9,0
TXN00298,4.37,entertainment,13,Tuesday,37,2265,4,17.2,0
TXN00299,32.71,electronics,19,Tuesday,68,1882,1,12.6,0
TXN00300,175.74,petrol,7,Friday,61,2617,2,19.6,0
TXN00301,30.79,atm_withdrawal,11,Saturday,59,3203,5,18.1,0
TXN00302,14.45,restaurant,7,Thursday,69,1853,2,4.3,0
TXN00303,17.97,electronics,8,Wednesday,29,3304,1,15.2,0
TXN00304,70.84,restaurant,7,Sunday,30,821,1,6.5,0
TXN00305,127.16,restaurant,7,Tuesday,55,1781,3,14.0,0
TXN00306,187.91,pharmacy,13,Wednesday,44,870,3,10.7,0
TXN00307,47.36,grocery,10,Wednesday,67,1248,4,2.6,0
TXN00308,97.81,online_retail,13,Monday,56,1010,2,27.3,0
TXN00309,62.42,travel,21,Monday,24,1418,1,9.2,0
TXN00310,8.34,electronics,15,Sunday,22,3263,4,15.9,0
TXN00311,21.19,restaurant,18,Wednesday,73,1055,5,13.3,0
TXN00312,19.63,atm_withdrawal,19,Sunday,42,1193,4,18.3,0
TXN00313,206.74,entertainment,18,Sunday,44,1723,2,22.9,0
TXN00314,2911.25,online_retail,1,Monday,24,130,13,308.3,1
TXN00315,2298.36,atm_withdrawal,2,Sunday,18,68,21,1535.8,1
TXN00316,34.3,online_retail,10,Thursday,44,725,3,6.1,0
TXN00317,39.84,petrol,12,Wednesday,50,2636,3,26.4,0
TXN00318,71.85,grocery,7,Wednesday,53,565,1,7.4,0
TXN00319,41.45,petrol,18,Monday,70,1395,4,28.9,0
TXN00320,3.63,entertainment,20,Wednesday,43,2331,5,4.4,0
TXN00321,31.64,online_retail,15,Sunday,73,2601,3,8.9,0
TXN00322,98.91,entertainment,19,Tuesday,50,1352,4,8.3,0
TXN00323,28.59,travel,7,Saturday,52,1610,5,28.1,0
TXN00324,107.69,atm_withdrawal,15,Thursday,42,799,4,27.4,0
TXN00325,7.66,entertainment,8,Friday,56,3036,1,5.9,0
TXN00326,24.98,grocery,15,Sunday,57,669,1,1.7,0
TXN00327,11.89,online_retail,20,Wednesday,28,2898,3,16.6,0
TXN00328,21.45,petrol,17,Monday,33,801,5,4.0,0
TXN00329,15.37,electronics,20,Monday,70,2338,4,19.5,0
TXN00330,14.51,luxury_goods,20,Monday,40,433,2,8.5,0
TXN00331,139.79,electronics,19,Saturday,52,2909,5,5.1,0
TXN00332,20.38,travel,15,Monday,57,1761,1,7.1,0
TXN00333,23.04,pharmacy,13,Wednesday,23,1685,1,16.3,0
TXN00334,21.33,petrol,19,Friday,22,1225,2,29.6,0
TXN00335,27.53,atm_withdrawal,20,Saturday,65,492,2,4.5,0
TXN00336,37.35,petrol,16,Friday,30,1433,5,9.9,0
TXN00337,33.73,online_retail,18,Sunday,41,1812,3,11.5,0
TXN00338,30.27,electronics,8,Thursday,72,1085,1,29.1,0
TXN00339,11.23,pharmacy,19,Monday,55,526,1,11.7,0
TXN00340,22.02,online_retail,19,Monday,58,1526,5,8.8,0
TXN00341,30.11,entertainment,16,Sunday,38,856,5,8.3,0
TXN00342,14.99,luxury_goods,9,Monday,50,1505,5,9.3,0
TXN00343,13.41,pharmacy,8,Thursday,60,2052,5,12.3,0
TXN00344,14.65,online_retail,8,Saturday,71,1325,5,24.3,0
TXN00345,3.31,luxury_goods,14,Tuesday,36,1321,2,24.3,0
TXN00346,16.03,pharmacy,8,Friday,38,2033,2,6.6,0
TXN00347,17.77,luxury_goods,7,Friday,64,3487,3,1.4,0
TXN00348,42.78,luxury_goods,10,Monday,65,106,2,7.2,0
TXN00349,63.98,electronics,16,Monday,36,1639,4,4.4,0
TXN00350,15.21,pharmacy,15,Wednesday,48,311,2,4.6,0
TXN00351,8.11,electronics,10,Sunday,38,3495,5,29.2,0
TXN00352,24.28,atm_withdrawal,15,Tuesday,25,1935,1,24.4,0
TXN00353,6.64,petrol,17,Monday,40,2201,5,10.4,0
TXN00354,36.51,electronics,7,Friday,31,2871,4,28.5,0
TXN00355,74.7,travel,15,Tuesday,34,1812,4,20.5,0
TXN00356,12.08,luxury_goods,21,Saturday,74,480,2,28.9,0
TXN00357,16.23,entertainment,9,Saturday,27,3455,3,13.7,0
TXN00358,19.06,online_retail,9,Tuesday,32,1573,5,21.7,0
TXN00359,87.81,pharmacy,9,Sunday,34,3371,5,4.6,0
TXN00360,42.71,petrol,9,Wednesday,75,1937,5,2.1,0
TXN00361,11.48,online_retail,16,Friday,31,763,3,25.7,0
TXN00362,18.62,petrol,8,Tuesday,66,3065,1,29.5,0
TXN00363,32.32,luxury_goods,7,Wednesday,32,336,3,6.4,0
TXN00364,35.15,electronics,20,Monday,60,2720,3,1.6,0
TXN00365,148.76,electronics,8,Wednesday,40,1951,5,16.0,0
TXN00366,6.24,travel,10,Tuesday,43,1699,2,3.1,0
TXN00367,18.37,grocery,8,Saturday,55,971,4,12.9,0
TXN00368,76.76,entertainment,18,Thursday,39,3643,5,27.5,0
TXN00369,122.38,entertainment,14,Thursday,50,2857,2,15.6,0
TXN00370,41.43,petrol,20,Friday,65,3290,4,1.5,0
TXN00371,48.43,electronics,8,Sunday,50,1963,5,28.7,0
TXN00372,10.7,petrol,21,Saturday,37,2203,2,16.8,0
TXN00373,44.25,entertainment,15,Sunday,70,260,4,16.6,0
TXN00374,1385.87,atm_withdrawal,1,Monday,27,161,24,1776.6,1
TXN00375,48.68,electronics,16,Sunday,61,1014,5,11.7,0
TXN00376,8.35,electronics,21,Wednesday,50,599,4,20.8,0
TXN00377,20.54,electronics,18,Friday,40,3280,1,25.5,0
TXN00378,9.12,entertainment,8,Monday,51,297,2,27.8,0
TXN00379,32.33,entertainment,18,Saturday,47,2490,1,10.4,0
TXN00380,9.53,restaurant,16,Saturday,65,309,2,4.9,0
TXN00381,14.16,atm_withdrawal,12,Saturday,35,2662,2,27.6,0
TXN00382,11.74,restaurant,17,Sunday,63,3201,1,3.3,0
TXN00383,14.61,electronics,20,Tuesday,43,423,5,20.1,0
TXN00384,36.59,restaurant,13,Sunday,24,3606,4,7.1,0
TXN00385,4235.66,travel,0,Monday,28,15,6,1189.1,1
TXN00386,75.6,entertainment,9,Thursday,26,2010,4,19.1,0
TXN00387,34.07,luxury_goods,20,Tuesday,69,2740,5,12.0,0
TXN00388,2648.64,online_retail,3,Saturday,28,103,13,179.1,1
TXN00389,19.6,restaurant,8,Saturday,44,3400,5,12.7,0
TXN00390,34.02,electronics,12,Saturday,51,2967,4,26.5,0
TXN00391,63.52,restaurant,12,Wednesday,42,564,4,26.0,0
TXN00392,177.05,pharmacy,14,Monday,62,3344,1,12.4,0
TXN00393,0.24,luxury_goods,13,Sunday,35,43,13,1079.0,1
TXN00394,46.23,travel,17,Monday,72,3341,2,15.1,0
TXN00395,42.54,luxury_goods,13,Sunday,57,1916,2,22.4,0
TXN00396,320.76,entertainment,20,Monday,49,2932,2,14.6,0
TXN00397,118.83,luxury_goods,8,Thursday,41,3144,3,7.0,0
TXN00398,69.63,atm_withdrawal,21,Saturday,44,2167,3,25.4,0
TXN00399,48.29,pharmacy,18,Thursday,27,2713,5,16.4,0
TXN00400,12.45,petrol,19,Monday,53,1452,2,9.7,0
TXN00401,19.77,grocery,7,Saturday,38,921,5,26.1,0
TXN00402,94.08,restaurant,18,Tuesday,50,3297,2,3.5,0
TXN00403,35.94,restaurant,14,Monday,63,3498,2,15.2,0
TXN00404,92.93,grocery,17,Wednesday,46,3351,1,11.9,0
TXN00405,24.04,grocery,10,Friday,31,3648,3,0.9,0
TXN00406,35.43,entertainment,15,Wednesday,65,3252,3,18.5,0
TXN00407,3311.18,luxury_goods,15,Monday,31,153,7,800.3,1
TXN00408,44.57,luxury_goods,15,Friday,42,3183,4,18.6,0
TXN00409,51.23,pharmacy,10,Thursday,54,2996,1,27.2,0
TXN00410,39.92,grocery,11,Thursday,64,503,5,8.5,0
TXN00411,35.78,travel,7,Friday,74,2948,4,24.3,0
TXN00412,134.2,travel,19,Wednesday,27,2426,4,17.3,0
TXN00413,22.53,online_retail,13,Thursday,36,1784,3,24.9,0
TXN00414,26.74,pharmacy,11,Sunday,45,640,3,26.4,0
TXN00415,31.33,restaurant,13,Saturday,28,846,2,14.6,0
TXN00416,63.15,luxury_goods,7,Sunday,52,1610,5,9.8,0
TXN00417,48.0,electronics,8,Wednesday,44,3553,4,18.7,0
TXN00418,105.44,entertainment,11,Tuesday,35,1489,4,6.2,0
TXN00419,106.46,luxury_goods,18,Saturday,33,2362,2,14.9,0
TXN00420,158.46,atm_withdrawal,17,Tuesday,32,2713,3,12.9,0
TXN00421,57.03,restaurant,8,Monday,67,1930,3,3.0,0
TXN00422,43.4,restaurant,11,Tuesday,46,3005,2,22.3,0
TXN00423,24.01,luxury_goods,9,Sunday,49,465,2,24.6,0
TXN00424,49.2,grocery,15,Thursday,55,3224,1,6.1,0
TXN00425,3417.85,travel,23,Saturday,35,177,11,1440.3,1
TXN00426,39.78,petrol,10,Sunday,53,197,3,16.8,0
TXN00427,83.48,online_retail,18,Monday,68,1419,4,5.6,0
TXN00428,55.66,restaurant,18,Thursday,27,1853,5,29.9,0
TXN00429,7.28,grocery,15,Thursday,48,2372,5,4.5,0
TXN00430,14.55,restaurant,20,Saturday,63,1463,2,4.6,0
TXN00431,92.68,pharmacy,17,Thursday,47,1847,4,11.8,0
TXN00432,9.21,online_retail,18,Tuesday,35,3096,1,17.9,0
TXN00433,1583.59,atm_withdrawal,17,Saturday,23,98,5,1971.4,1
TXN00434,11.39,petrol,10,Friday,54,1734,5,1.7,0
TXN00435,96.22,grocery,9,Monday,39,3283,4,10.9,0
TXN00436,30.29,petrol,13,Saturday,54,2971,3,20.9,0
TXN00437,8.63,electronics,16,Thursday,56,2332,1,9.5,0
TXN00438,40.31,travel,10,Wednesday,25,3627,2,29.2,0
TXN00439,7.28,grocery,18,Friday,30,1213,1,29.2,0
TXN00440,97.59,petrol,18,Sunday,30,514,4,19.9,0
TXN00441,79.23,petrol,19,Wednesday,54,1008,1,29.6,0
TXN00442,13.5,online_retail,14,Friday,40,3171,4,7.4,0
TXN00443,51.42,pharmacy,8,Monday,26,2028,5,2.1,0
TXN00444,45.88,electronics,16,Saturday,66,1735,1,12.2,0
TXN00445,31.01,electronics,16,Thursday,26,414,2,10.6,0
TXN00446,55.36,restaurant,10,Saturday,75,3614,5,17.8,0
TXN00447,156.1,electronics,8,Tuesday,42,2080,4,10.2,0
TXN00448,10.78,petrol,21,Friday,34,1168,1,22.0,0
TXN00449,58.15,travel,9,Friday,37,2411,4,20.5,0
TXN00450,16.82,electronics,14,Thursday,71,1244,4,15.3,0
TXN00451,54.27,atm_withdrawal,13,Wednesday,71,3479,3,14.1,0
TXN00452,8.33,grocery,18,Wednesday,72,1298,5,20.4,0
TXN00453,98.64,online_retail,9,Thursday,26,3363,1,9.2,0
TXN00454,4191.25,electronics,17,Sunday,27,109,22,1340.6,1
TXN00455,37.18,grocery,18,Tuesday,55,939,5,10.1,0
TXN00456,26.64,restaurant,9,Sunday,62,2113,4,22.8,0
TXN00457,12.59,electronics,18,Monday,22,944,4,27.9,0
TXN00458,155.63,petrol,17,Friday,24,2434,2,2.1,0
TXN00459,276.48,entertainment,19,Monday,51,398,2,22.7,0
TXN00460,63.14,travel,18,Monday,44,1901,3,22.5,0
TXN00461,99.36,electronics,14,Saturday,58,2723,5,10.0,0
TXN00462,17.73,petrol,8,Wednesday,67,2754,1,11.6,0
TXN00463,108.75,luxury_goods,17,Sunday,39,3509,3,17.6,0
TXN00464,1.88,luxury_goods,11,Sunday,20,13,8,348.0,1
TXN00465,11.23,restaurant,13,Tuesday,31,2410,5,17.7,0
TXN00466,18.6,restaurant,14,Saturday,66,1943,3,2.5,0
TXN00467,66.71,atm_withdrawal,11,Sunday,46,2915,4,24.1,0
TXN00468,53.57,entertainment,16,Thursday,71,3268,2,22.1,0
TXN00469,103.93,travel,8,Saturday,45,1115,1,11.5,0
TXN00470,36.49,travel,13,Thursday,71,1475,5,2.0,0
TXN00471,99.81,luxury_goods,20,Friday,47,2484,1,0.7,0
TXN00472,109.4,travel,12,Wednesday,57,2373,3,10.7,0
TXN00473,6.03,online_retail,9,Friday,62,1750,4,15.7,0
TXN00474,27.38,pharmacy,13,Friday,52,319,1,21.2,0
TXN00475,29.07,atm_withdrawal,14,Friday,55,2587,2,11.2,0
TXN00476,21.86,restaurant,18,Monday,22,964,4,2.8,0
TXN00477,0.05,luxury_goods,14,Monday,35,108,12,926.0,1
TXN00478,28.66,petrol,18,Friday,66,2603,3,7.1,0
TXN00479,75.97,electronics,17,Thursday,35,445,1,4.6,0
TXN00480,247.2,grocery,10,Friday,54,2893,4,24.9,0
TXN00481,12.2,travel,18,Friday,31,2406,5,11.3,0
TXN00482,58.71,entertainment,9,Tuesday,38,1593,5,7.9,0
TXN00483,13.11,luxury_goods,9,Thursday,51,1609,5,12.9,0
TXN00484,47.32,electronics,16,Monday,25,727,2,22.8,0
TXN00485,144.97,pharmacy,18,Wednesday,47,2594,5,18.0,0
TXN00486,7.78,grocery,17,Friday,58,1080,2,9.1,0
TXN00487,21.94,luxury_goods,17,Thursday,48,2894,4,12.8,0
TXN00488,47.88,atm_withdrawal,17,Thursday,59,3620,1,14.7,0
TXN00489,81.42,atm_withdrawal,13,Wednesday,35,3182,5,3.9,0
TXN00490,6.1,restaurant,8,Tuesday,73,2900,3,24.9,0
TXN00491,31.89,pharmacy,20,Wednesday,51,1122,2,14.3,0
TXN00492,8.5,online_retail,10,Tuesday,75,1112,5,11.0,0
TXN00493,94.98,restaurant,19,Friday,26,3053,1,27.2,0
TXN00494,2.34,restaurant,20,Thursday,72,3629,5,19.7,0
TXN00495,27.87,atm_withdrawal,14,Tuesday,32,881,2,1.5,0
TXN00496,67.25,atm_withdrawal,17,Tuesday,30,2247,2,1.3,0
TXN00497,71.64,pharmacy,7,Sunday,32,1462,5,26.2,0
TXN00498,45.03,pharmacy,8,Wednesday,65,2869,5,14.9,0
TXN00499,17.28,luxury_goods,12,Thursday,70,3119,2,23.8,0
TXN00500,39.91,travel,14,Tuesday,58,627,5,20.7,0
TXN00501,58.94,electronics,18,Saturday,57,978,4,6.7,0
TXN00502,101.22,atm_withdrawal,18,Sunday,24,1442,1,25.4,0
TXN00503,13.2,luxury_goods,8,Thursday,58,868,3,1.8,0
TXN00504,2945.14,travel,17,Monday,23,15,21,206.2,1
TXN00505,110.67,restaurant,19,Friday,38,2293,5,7.9,0
TXN00506,19.01,entertainment,12,Saturday,40,2999,3,18.4,0
TXN00507,59.64,luxury_goods,12,Monday,70,1231,5,7.2,0
TXN00508,6.72,electronics,21,Sunday,63,2844,4,8.9,0
TXN00509,32.05,electronics,12,Sunday,61,994,5,3.6,0
TXN00510,12.46,travel,11,Wednesday,53,687,1,5.4,0
TXN00511,67.87,petrol,21,Saturday,40,243,1,9.3,0
TXN00512,9.48,entertainment,18,Tuesday,25,3144,4,27.7,0
TXN00513,0.38,travel,23,Monday,30,93,12,1994.8,1
TXN00514,24.0,travel,15,Wednesday,64,1762,3,12.4,0
TXN00515,34.69,online_retail,14,Saturday,34,1051,2,26.2,0
TXN00516,2.93,online_retail,15,Saturday,53,3226,5,5.0,0
TXN00517,41.02,grocery,11,Sunday,52,557,1,12.3,0
TXN00518,14.48,petrol,14,Saturday,53,1594,5,8.4,0
TXN00519,209.92,grocery,9,Thursday,62,111,1,24.8,0
TXN00520,145.47,luxury_goods,13,Monday,23,2258,3,16.3,0
TXN00521,25.0,pharmacy,7,Saturday,24,1255,5,1.0,0
TXN00522,40.37,entertainment,9,Tuesday,68,1879,4,19.7,0
TXN00523,117.56,entertainment,8,Saturday,36,2021,1,18.8,0
TXN00524,35.01,restaurant,9,Thursday,51,1376,4,4.1,0
TXN00525,67.56,restaurant,13,Sunday,67,232,5,17.4,0
TXN00526,88.62,entertainment,13,Tuesday,22,1372,2,23.7,0
TXN00527,37.1,pharmacy,13,Saturday,28,1370,4,9.7,0
TXN00528,382.13,restaurant,16,Wednesday,29,2146,1,5.8,0
TXN00529,19.49,grocery,13,Wednesday,66,351,5,29.8,0
TXN00530,41.42,grocery,16,Friday,29,2218,1,11.6,0
TXN00531,14.99,restaurant,21,Thursday,24,1265,4,5.8,0
TXN00532,18.6,electronics,11,Saturday,35,3231,5,12.8,0
TXN00533,70.63,entertainment,10,Wednesday,31,2794,5,7.0,0
TXN00534,18.31,restaurant,12,Friday,71,2604,5,12.2,0
TXN00535,32.43,grocery,12,Tuesday,73,2621,4,25.0,0
TXN00536,39.11,electronics,10,Monday,57,1157,5,26.9,0
TXN00537,22.35,travel,8,Thursday,62,3320,2,20.5,0
TXN00538,33.55,luxury_goods,19,Thursday,51,1874,5,8.4,0
TXN00539,4.31,online_retail,15,Saturday,68,3572,1,27.4,0
TXN00540,131.92,restaurant,21,Monday,57,1255,5,27.5,0
TXN00541,103.84,entertainment,10,Saturday,62,3583,3,15.4,0
TXN00542,4.19,entertainment,18,Tuesday,25,2825,1,14.2,0
TXN00543,18.8,pharmacy,19,Saturday,69,3410,2,8.4,0
TXN00544,22.17,pharmacy,12,Friday,73,3161,2,28.6,0
TXN00545,10.91,atm_withdrawal,9,Monday,45,105,4,3.1,0
TXN00546,45.21,entertainment,11,Monday,35,868,1,22.5,0
TXN00547,20.92,petrol,8,Friday,58,124,5,19.7,0
TXN00548,2715.49,electronics,12,Saturday,20,12,12,1557.5,1
TXN00549,16.21,pharmacy,12,Friday,51,1793,1,6.6,0
TXN00550,156.2,online_retail,13,Friday,71,2594,4,26.2,0
TXN00551,10.95,grocery,8,Monday,36,2554,2,1.1,0
TXN00552,15.37,restaurant,15,Friday,40,1318,2,21.5,0
TXN00553,40.57,atm_withdrawal,17,Thursday,52,953,5,5.3,0
TXN00554,16.58,pharmacy,20,Thursday,36,1167,1,13.0,0
TXN00555,9.24,electronics,17,Saturday,48,2851,5,8.9,0
TXN00556,25.72,entertainment,7,Thursday,39,867,1,28.5,0
TXN00557,57.02,pharmacy,19,Sunday,43,1893,3,13.2,0
TXN00558,41.02,grocery,10,Tuesday,26,503,5,1.5,0
TXN00559,29.7,travel,11,Thursday,60,3029,4,5.4,0
TXN00560,5.59,electronics,17,Monday,53,1954,5,11.1,0
TXN00561,34.75,restaurant,20,Sunday,72,3346,4,20.4,0
TXN00562,53.06,petrol,14,Tuesday,36,405,5,19.5,0
TXN00563,24.16,grocery,17,Sunday,56,1982,4,2.1,0
TXN00564,1.9,online_retail,0,Monday,26,63,12,322.1,1
TXN00565,55.43,grocery,21,Thursday,69,1410,5,7.9,0
TXN00566,42.98,pharmacy,11,Friday,25,2916,5,27.2,0
TXN00567,213.96,pharmacy,13,Sunday,59,2938,1,25.8,0
TXN00568,12.3,petrol,21,Thursday,23,824,3,23.6,0
TXN00569,33.73,pharmacy,14,Tuesday,58,2680,3,19.0,0
TXN00570,34.12,luxury_goods,19,Sunday,73,2941,3,20.9,0
TXN00571,79.63,online_retail,10,Friday,64,1108,5,18.9,0
TXN00572,67.29,online_retail,17,Thursday,42,151,2,23.9,0
TXN00573,156.01,pharmacy,7,Friday,73,2295,2,11.2,0
TXN00574,31.99,restaurant,11,Saturday,26,1116,1,6.3,0
TXN00575,12.13,petrol,10,Friday,75,1125,2,3.9,0
TXN00576,9.97,electronics,20,Saturday,71,3140,1,27.4,0
TXN00577,70.2,online_retail,18,Saturday,53,2522,5,6.3,0
TXN00578,11.86,entertainment,19,Thursday,41,1117,5,25.8,0
TXN00579,18.71,restaurant,15,Wednesday,46,1002,5,12.5,0
TXN00580,4.16,petrol,18,Monday,57,471,3,18.0,0
TXN00581,90.59,entertainment,14,Sunday,35,2224,4,10.8,0
TXN00582,460.53,petrol,20,Monday,40,1565,3,13.1,0
TXN00583,79.13,grocery,14,Wednesday,44,3621,1,13.5,0
TXN00584,39.83,online_retail,17,Wednesday,36,3393,2,4.8,0
TXN00585,29.53,pharmacy,18,Wednesday,51,3552,3,6.4,0
TXN00586,37.24,entertainment,8,Thursday,28,1086,4,17.9,0
TXN00587,53.06,grocery,19,Saturday,46,3567,3,3.6,0
TXN00588,46.17,pharmacy,9,Sunday,65,1082,1,17.4,0
TXN00589,25.9,luxury_goods,19,Monday,46,3292,3,14.7,0
TXN00590,14.43,restaurant,19,Friday,40,3358,2,21.5,0
TXN00591,20.35,restaurant,15,Saturday,44,309,1,13.4,0
TXN00592,17.51,atm_withdrawal,21,Monday,24,2746,3,3.5,0
TXN00593,20.86,luxury_goods,18,Friday,34,3269,2,9.2,0
TXN00594,385.79,restaurant,13,Wednesday,54,133,2,25.5,0
TXN00595,11.76,pharmacy,14,Sunday,46,1628,1,20.6,0
TXN00596,140.3,atm_withdrawal,18,Monday,36,459,2,0.9,0
TXN00597,35.31,online_retail,18,Tuesday,58,1658,2,25.8,0
TXN00598,19.86,electronics,7,Thursday,64,625,2,9.1,0
TXN00599,74.7,travel,16,Monday,44,2168,1,9.7,0
TXN00600,57.23,entertainment,12,Saturday,74,2733,2,7.5,0
TXN00601,160.71,travel,19,Thursday,46,1708,1,14.5,0
TXN00602,171.57,entertainment,8,Friday,68,3487,2,2.0,0
TXN00603,50.61,restaurant,11,Thursday,52,183,3,6.7,0
TXN00604,104.51,travel,17,Wednesday,22,2975,5,23.1,0
TXN00605,80.61,restaurant,8,Tuesday,71,2293,5,0.7,0
TXN00606,20.93,electronics,16,Friday,36,2532,2,7.3,0
TXN00607,21.61,petrol,7,Thursday,50,2367,5,7.9,0
TXN00608,128.24,entertainment,10,Sunday,32,2130,5,14.3,0
TXN00609,46.58,restaurant,15,Saturday,43,141,4,24.8,0
TXN00610,101.45,online_retail,15,Wednesday,71,1249,4,14.3,0
TXN00611,30.74,entertainment,20,Saturday,73,1285,5,15.9,0
TXN00612,39.72,online_retail,13,Monday,68,3391,1,3.5,0
TXN00613,39.38,electronics,11,Monday,37,575,5,23.1,0
TXN00614,21.2,travel,15,Wednesday,51,92,5,11.7,0
TXN00615,260.02,online_retail,10,Wednesday,57,1312,2,28.3,0
TXN00616,28.22,atm_withdrawal,18,Thursday,62,836,2,2.4,0
TXN00617,17.09,online_retail,14,Friday,31,1041,4,19.3,0
TXN00618,14.01,electronics,18,Friday,31,1502,1,14.7,0
TXN00619,19.73,restaurant,11,Friday,56,1763,3,6.1,0
TXN00620,87.49,luxury_goods,13,Thursday,74,1503,2,9.1,0
TXN00621,500.0,entertainment,9,Thursday,35,1543,3,10.5,0
TXN00622,36.11,online_retail,11,Monday,33,1619,2,15.6,0
TXN00623,72.66,atm_withdrawal,10,Monday,24,2428,4,19.9,0
TXN00624,1.43,travel,3,Saturday,20,162,6,496.4,1
TXN00625,23.9,restaurant,19,Sunday,37,949,5,20.8,0
TXN00626,131.64,luxury_goods,17,Saturday,72,247,5,3.7,0
TXN00627,5.97,electronics,13,Tuesday,32,3422,3,28.0,0
TXN00628,96.9,grocery,9,Thursday,53,640,5,16.3,0
TXN00629,82.92,travel,21,Sunday,52,3393,3,22.5,0
TXN00630,8.6,electronics,20,Tuesday,43,3065,2,20.7,0
TXN00631,168.78,entertainment,9,Saturday,51,2745,3,21.7,0
TXN00632,61.81,luxury_goods,20,Saturday,55,244,3,26.4,0
TXN00633,69.84,restaurant,8,Monday,65,2807,4,18.6,0
TXN00634,103.09,pharmacy,12,Wednesday,64,518,2,10.2,0
TXN00635,77.45,entertainment,9,Wednesday,41,3045,3,23.4,0
TXN00636,18.91,luxury_goods,18,Tuesday,54,2378,3,2.6,0
TXN00637,14.93,online_retail,11,Sunday,67,3402,1,17.5,0
TXN00638,180.63,travel,18,Sunday,66,460,3,1.3,0
TXN00639,84.63,grocery,21,Thursday,46,1796,3,29.0,0
TXN00640,18.71,luxury_goods,15,Friday,58,723,1,1.6,0
TXN00641,14.58,entertainment,10,Thursday,42,1472,4,8.7,0
TXN00642,139.99,petrol,17,Saturday,49,1710,1,22.3,0
TXN00643,16.74,entertainment,16,Tuesday,58,2324,2,11.6,0
TXN00644,35.1,travel,17,Monday,32,1072,2,16.8,0
TXN00645,25.21,atm_withdrawal,12,Friday,54,1407,4,8.5,0
TXN00646,55.86,luxury_goods,10,Tuesday,56,2233,3,16.7,0
TXN00647,42.94,grocery,10,Thursday,61,3570,1,13.9,0
TXN00648,63.71,restaurant,21,Friday,65,3050,1,7.2,0
TXN00649,169.43,grocery,19,Wednesday,37,605,5,6.6,0
TXN00650,21.11,luxury_goods,11,Sunday,61,2876,5,4.0,0
TXN00651,49.08,electronics,21,Monday,62,3274,4,2.1,0
TXN00652,95.43,atm_withdrawal,8,Saturday,71,653,1,29.0,0
TXN00653,24.3,electronics,16,Thursday,24,795,3,12.4,0
TXN00654,6.24,restaurant,9,Wednesday,22,1710,3,25.3,0
TXN00655,62.97,online_retail,14,Thursday,65,1368,3,5.2,0
TXN00656,115.13,entertainment,11,Monday,26,1490,2,26.7,0
TXN00657,8.11,online_retail,13,Saturday,57,3047,5,8.3,0
TXN00658,17.23,petrol,17,Monday,62,2737,1,9.6,0
TXN00659,26.55,online_retail,15,Tuesday,70,3627,1,4.6,0
TXN00660,83.61,electronics,14,Wednesday,24,394,3,27.0,0
TXN00661,141.65,restaurant,12,Friday,28,1277,3,18.4,0
TXN00662,70.24,travel,21,Sunday,25,468,4,25.0,0
TXN00663,29.75,petrol,19,Saturday,68,2735,4,11.5,0
TXN00664,30.66,electronics,19,Monday,44,2272,4,20.0,0
TXN00665,61.16,travel,12,Thursday,47,3139,2,1.0,0
TXN00666,6.79,travel,12,Thursday,63,1409,1,3.3,0
TXN00667,60.82,online_retail,13,Saturday,70,1614,3,25.7,0
TXN00668,38.62,grocery,16,Saturday,28,3214,2,19.0,0
TXN00669,44.77,luxury_goods,18,Wednesday,61,3395,5,0.7,0
TXN00670,11.93,restaurant,17,Thursday,41,1029,2,22.3,0
TXN00671,68.43,travel,16,Sunday,41,3119,5,7.7,0
TXN00672,32.58,online_retail,18,Sunday,42,1764,3,3.6,0
TXN00673,105.57,grocery,19,Saturday,61,2496,5,23.6,0
TXN00674,62.86,entertainment,7,Sunday,74,2915,3,27.6,0
TXN00675,15.13,restaurant,17,Wednesday,61,1375,1,21.7,0
TXN00676,77.67,atm_withdrawal,11,Saturday,22,3385,4,27.1,0
TXN00677,97.39,grocery,12,Monday,66,3284,4,4.5,0
TXN00678,102.16,grocery,18,Saturday,44,2415,5,4.7,0
TXN00679,32.49,atm_withdrawal,7,Wednesday,34,269,2,26.6,0
TXN00680,55.43,grocery,19,Saturday,74,1193,5,1.7,0
TXN00681,42.25,travel,21,Sunday,52,2941,2,22.9,0
TXN00682,30.08,petrol,14,Thursday,29,1774,4,1.9,0
TXN00683,12.31,entertainment,21,Sunday,47,2960,3,9.9,0
TXN00684,24.34,online_retail,19,Friday,30,311,5,24.1,0
TXN00685,41.42,luxury_goods,19,Sunday,37,706,1,28.0,0
TXN00686,52.57,atm_withdrawal,8,Monday,42,2581,2,2.4,0
TXN00687,25.91,entertainment,9,Friday,60,3153,1,23.4,0
TXN00688,35.57,petrol,10,Wednesday,63,435,2,16.8,0
TXN00689,20.43,petrol,10,Saturday,30,2469,5,20.7,0
TXN00690,94.54,restaurant,10,Thursday,35,3464,4,22.4,0
TXN00691,3582.59,atm_withdrawal,2,Sunday,22,64,22,1101.0,1
TXN00692,14.05,restaurant,10,Saturday,48,2091,5,22.9,0
TXN00693,20.68,travel,10,Wednesday,29,285,2,12.9,0
TXN00694,98.39,entertainment,15,Sunday,56,1635,4,28.0,0
TXN00695,44.22,electronics,18,Sunday,40,638,4,15.3,0
TXN00696,19.95,petrol,15,Saturday,60,2251,4,3.8,0
TXN00697,40.21,pharmacy,10,Tuesday,73,3115,2,14.5,0
TXN00698,8.57,online_retail,18,Thursday,43,1050,1,0.9,0
TXN00699,70.48,pharmacy,13,Sunday,27,3058,5,27.2,0
TXN00700,13.49,grocery,14,Saturday,56,1276,3,14.7,0
TXN00701,147.83,atm_withdrawal,20,Friday,32,1596,2,8.0,0
TXN00702,8.11,grocery,16,Wednesday,37,2427,4,6.0,0
TXN00703,24.81,grocery,20,Saturday,43,1209,1,24.1,0
TXN00704,31.2,petrol,21,Thursday,63,495,4,18.7,0
TXN00705,37.74,luxury_goods,11,Sunday,33,540,1,4.4,0
TXN00706,8.84,pharmacy,14,Thursday,35,1483,5,4.7,0
TXN00707,16.84,restaurant,10,Tuesday,53,464,5,10.5,0
TXN00708,23.02,travel,17,Saturday,63,1313,2,4.9,0
TXN00709,5.01,petrol,21,Monday,61,3599,3,23.4,0
TXN00710,19.0,online_retail,7,Saturday,35,2211,3,11.9,0
TXN00711,4944.93,luxury_goods,22,Saturday,35,136,5,1217.9,1
TXN00712,19.57,grocery,20,Monday,55,716,3,5.4,0
TXN00713,175.12,petrol,8,Sunday,24,1311,3,13.9,0
TXN00714,7.27,pharmacy,7,Tuesday,24,613,5,18.0,0
TXN00715,15.58,petrol,11,Monday,59,195,3,17.5,0
TXN00716,1857.49,electronics,3,Sunday,30,34,25,635.0,1
TXN00717,56.25,entertainment,15,Thursday,51,1039,4,19.1,0
TXN00718,59.78,pharmacy,16,Saturday,55,1263,5,2.2,0
TXN00719,58.54,restaurant,19,Saturday,37,1666,4,7.8,0
TXN00720,23.51,electronics,21,Thursday,67,216,4,28.3,0
TXN00721,194.57,pharmacy,9,Sunday,74,2376,5,2.1,0
TXN00722,1.04,travel,3,Monday,19,159,7,867.5,1
TXN00723,3.96,luxury_goods,17,Friday,33,3234,2,13.3,0
TXN00724,4296.26,electronics,15,Saturday,23,179,18,713.5,1
TXN00725,11.35,atm_withdrawal,17,Saturday,53,1925,1,3.2,0
TXN00726,21.24,pharmacy,15,Wednesday,62,3008,5,23.1,0
TXN00727,236.21,travel,14,Saturday,68,2320,4,16.2,0
TXN00728,17.26,travel,10,Friday,69,2214,5,17.6,0
TXN00729,34.4,atm_withdrawal,20,Friday,56,450,2,6.4,0
TXN00730,12.41,grocery,7,Thursday,47,1836,1,15.0,0
TXN00731,10.56,petrol,7,Thursday,50,2913,5,14.4,0
TXN00732,54.23,restaurant,8,Sunday,70,277,1,25.6,0
TXN00733,53.46,travel,10,Friday,60,2177,2,22.6,0
TXN00734,86.78,pharmacy,11,Sunday,27,2016,1,22.6,0
TXN00735,58.61,electronics,13,Saturday,74,2104,1,14.4,0
TXN00736,114.18,online_retail,10,Friday,44,289,1,8.8,0
TXN00737,18.19,atm_withdrawal,14,Saturday,55,1501,2,26.4,0
TXN00738,70.6,petrol,11,Monday,41,413,5,27.7,0
TXN00739,52.29,petrol,10,Sunday,38,3437,4,24.9,0
TXN00740,7.14,grocery,16,Thursday,38,2775,5,17.5,0
TXN00741,51.62,atm_withdrawal,21,Saturday,41,2749,4,3.9,0
TXN00742,5.12,online_retail,14,Friday,31,1661,2,27.7,0
TXN00743,41.91,atm_withdrawal,19,Wednesday,65,3212,1,1.9,0
TXN00744,49.13,atm_withdrawal,16,Saturday,71,3227,4,16.7,0
TXN00745,3861.83,travel,1,Saturday,33,18,22,1543.4,1
TXN00746,63.35,entertainment,12,Sunday,39,1016,5,28.9,0
TXN00747,36.57,travel,13,Wednesday,52,3295,1,11.2,0
TXN00748,10.06,pharmacy,15,Saturday,69,2326,5,27.0,0
TXN00749,148.92,online_retail,15,Monday,28,3060,2,16.2,0
TXN00750,1.74,online_retail,1,Saturday,23,105,20,988.6,1
TXN00751,12.94,electronics,20,Sunday,27,2242,4,16.1,0
TXN00752,25.42,electronics,16,Saturday,46,1467,1,15.1,0
TXN00753,19.47,luxury_goods,14,Tuesday,45,2380,5,14.8,0
TXN00754,19.74,restaurant,18,Saturday,31,187,4,21.6,0
TXN00755,7.92,atm_withdrawal,18,Tuesday,23,2913,4,11.1,0
TXN00756,4.7,grocery,11,Friday,41,1530,1,17.5,0
TXN00757,86.42,atm_withdrawal,10,Monday,30,3583,1,13.8,0
TXN00758,6.5,atm_withdrawal,18,Tuesday,50,3357,3,25.0,0
TXN00759,8.98,travel,12,Friday,36,987,2,14.6,0
TXN00760,19.1,atm_withdrawal,20,Saturday,50,460,5,3.8,0
TXN00761,186.33,travel,17,Sunday,64,1565,1,1.1,0
TXN00762,16.78,luxury_goods,14,Saturday,37,1214,4,2.8,0
TXN00763,17.94,grocery,21,Saturday,68,2800,3,28.4,0
TXN00764,42.31,atm_withdrawal,14,Friday,22,414,1,8.0,0
TXN00765,2995.48,atm_withdrawal,3,Monday,22,147,23,971.7,1
TXN00766,50.89,online_retail,10,Friday,67,1280,3,27.7,0
TXN00767,46.61,travel,16,Friday,27,2148,2,18.0,0
TXN00768,76.24,electronics,21,Wednesday,54,1665,4,29.4,0
TXN00769,38.35,luxury_goods,8,Friday,26,2150,3,10.5,0
TXN00770,53.65,online_retail,13,Saturday,37,1344,5,11.4,0
TXN00771,17.34,electronics,13,Monday,71,319,3,10.8,0
TXN00772,20.4,restaurant,14,Wednesday,65,3157,3,17.7,0
TXN00773,16.45,restaurant,7,Sunday,64,1807,5,23.1,0
TXN00774,9.76,pharmacy,15,Saturday,52,2435,2,14.5,0
TXN00775,26.29,restaurant,10,Saturday,37,1181,5,24.6,0
TXN00776,17.26,grocery,16,Monday,37,2675,3,29.9,0
TXN00777,31.32,luxury_goods,7,Monday,22,1091,1,14.4,0
TXN00778,60.7,online_retail,20,Monday,37,225,4,2.0,0
TXN00779,19.81,entertainment,8,Friday,29,342,5,27.1,0
TXN00780,10.75,grocery,12,Wednesday,65,538,4,17.7,0
TXN00781,3157.36,online_retail,16,Sunday,20,132,12,593.0,1
TXN00782,144.8,restaurant,19,Friday,69,3189,3,4.4,0
TXN00783,15.29,online_retail,11,Friday,30,1269,4,26.5,0
TXN00784,35.47,travel,12,Saturday,54,1727,5,10.3,0
TXN00785,63.45,atm_withdrawal,11,Wednesday,48,1154,2,9.5,0
TXN00786,20.41,entertainment,9,Sunday,68,3582,1,3.8,0
TXN00787,16.39,electronics,18,Friday,36,2833,3,15.8,0
TXN00788,18.66,electronics,18,Tuesday,66,2952,1,11.6,0
TXN00789,18.17,electronics,15,Wednesday,51,2160,5,13.2,0
TXN00790,1623.13,travel,10,Monday,26,142,5,1376.6,1
TXN00791,43.81,pharmacy,21,Tuesday,33,3602,1,16.8,0
TXN00792,28.28,online_retail,12,Thursday,54,290,3,8.2,0
TXN00793,216.19,electronics,9,Tuesday,64,2647,5,10.5,0
TXN00794,14.04,restaurant,12,Sunday,43,839,1,12.3,0
TXN00795,41.35,travel,7,Wednesday,51,2996,2,1.7,0
TXN00796,25.54,atm_withdrawal,13,Friday,52,339,1,8.8,0
TXN00797,4.3,petrol,15,Friday,50,1533,3,16.7,0
TXN00798,12.44,restaurant,7,Wednesday,35,253,1,28.5,0
TXN00799,13.34,atm_withdrawal,15,Saturday,49,2387,1,3.8,0
TXN00800,21.21,electronics,8,Sunday,69,2488,1,21.2,0
TXN00801,160.37,grocery,7,Saturday,35,1644,5,3.5,0
TXN00802,22.54,travel,13,Monday,29,3495,2,10.8,0
TXN00803,28.72,grocery,9,Saturday,43,3383,4,15.8,0
TXN00804,10.75,pharmacy,10,Wednesday,37,1794,3,8.5,0
TXN00805,34.72,electronics,10,Thursday,45,1692,4,23.3,0
TXN00806,9.2,entertainment,18,Tuesday,39,1598,4,15.4,0
TXN00807,6.6,luxury_goods,11,Sunday,22,1248,3,25.2,0
TXN00808,21.49,online_retail,11,Monday,39,1010,5,9.0,0
TXN00809,94.99,petrol,8,Monday,32,3336,3,18.1,0
TXN00810,27.55,luxury_goods,19,Tuesday,65,1464,1,7.1,0
TXN00811,12.16,luxury_goods,21,Saturday,38,1564,4,13.7,0
TXN00812,18.1,travel,21,Friday,59,437,2,9.7,0
TXN00813,46.41,entertainment,7,Thursday,30,889,4,28.9,0
TXN00814,19.39,pharmacy,9,Tuesday,43,428,4,17.4,0
TXN00815,67.47,luxury_goods,15,Thursday,67,2395,3,14.5,0
TXN00816,33.29,pharmacy,12,Monday,47,299,5,17.1,0
TXN00817,18.94,luxury_goods,9,Sunday,40,1544,3,20.4,0
TXN00818,78.71,electronics,11,Saturday,40,179,4,8.6,0
TXN00819,3477.74,luxury_goods,3,Saturday,28,6,23,1130.1,1
TXN00820,43.77,travel,14,Friday,43,1588,2,15.2,0
TXN00821,2.23,grocery,12,Friday,36,210,3,2.2,0
TXN00822,46.65,petrol,7,Wednesday,71,1697,1,16.5,0
TXN00823,18.62,pharmacy,15,Thursday,25,1500,4,23.7,0
TXN00824,118.83,grocery,16,Thursday,32,2237,5,23.4,0
TXN00825,41.23,atm_withdrawal,15,Monday,54,1512,4,25.9,0
TXN00826,31.98,electronics,8,Thursday,64,3066,2,14.7,0
TXN00827,61.91,electronics,18,Wednesday,57,131,5,28.5,0
TXN00828,31.86,electronics,14,Saturday,63,1621,2,25.6,0
TXN00829,19.47,petrol,16,Friday,64,688,4,28.2,0
TXN00830,20.71,atm_withdrawal,10,Tuesday,28,297,3,28.4,0
TXN00831,50.68,luxury_goods,16,Saturday,59,1138,1,11.3,0
TXN00832,62.35,electronics,10,Friday,65,1912,1,0.7,0
TXN00833,54.49,petrol,14,Friday,46,2390,1,8.2,0
TXN00834,14.76,restaurant,11,Thursday,67,3034,4,16.0,0
TXN00835,10.4,travel,15,Monday,68,378,3,2.8,0
TXN00836,15.94,entertainment,20,Monday,66,2260,4,7.3,0
TXN00837,12.11,restaurant,11,Friday,46,2725,3,24.5,0
TXN00838,78.07,entertainment,15,Wednesday,74,2722,2,25.0,0
TXN00839,67.21,grocery,15,Tuesday,57,2725,4,12.4,0
TXN00840,139.95,entertainment,19,Sunday,37,2501,3,1.0,0
TXN00841,31.28,online_retail,21,Monday,73,3601,5,12.4,0
TXN00842,1.93,online_retail,12,Monday,23,137,12,368.6,1
TXN00843,64.21,travel,12,Tuesday,65,2032,1,3.2,0
TXN00844,37.12,entertainment,15,Saturday,60,2584,3,9.3,0
TXN00845,100.35,petrol,17,Thursday,50,133,2,25.6,0
TXN00846,35.63,restaurant,10,Saturday,50,3404,2,3.2,0
TXN00847,25.82,entertainment,15,Sunday,68,1210,3,4.1,0
TXN00848,61.73,restaurant,13,Wednesday,72,1478,5,28.2,0
TXN00849,1.94,travel,12,Monday,28,67,11,1356.0,1
TXN00850,37.64,petrol,11,Monday,53,2984,4,17.0,0
TXN00851,178.96,grocery,19,Monday,48,653,2,2.5,0
TXN00852,59.93,luxury_goods,21,Wednesday,48,1171,4,19.8,0
TXN00853,20.3,travel,16,Wednesday,71,2979,4,22.2,0
TXN00854,63.26,electronics,9,Thursday,41,2569,3,13.8,0
TXN00855,96.11,pharmacy,20,Monday,35,2292,4,19.6,0
TXN00856,26.48,luxury_goods,15,Wednesday,49,3145,5,10.3,0
TXN00857,108.68,pharmacy,17,Friday,38,1160,5,13.0,0
TXN00858,6.98,luxury_goods,21,Friday,23,801,2,26.3,0
TXN00859,76.38,grocery,19,Saturday,29,182,3,19.6,0
TXN00860,1.63,atm_withdrawal,0,Saturday,29,79,12,163.0,1
TXN00861,67.63,atm_withdrawal,11,Wednesday,38,1034,1,21.8,0
TXN00862,3314.37,online_retail,13,Monday,35,23,23,872.7,1
TXN00863,1.3,travel,7,Saturday,45,979,4,13.6,0
TXN00864,153.35,petrol,15,Wednesday,42,510,1,10.2,0
TXN00865,6.29,luxury_goods,20,Wednesday,67,3108,5,19.2,0
TXN00866,69.92,grocery,13,Monday,51,408,3,17.5,0
TXN00867,67.42,pharmacy,8,Saturday,49,917,2,25.1,0
TXN00868,193.53,atm_withdrawal,7,Friday,45,3089,2,3.2,0
TXN00869,55.0,online_retail,16,Tuesday,65,237,3,7.6,0
TXN00870,5.1,pharmacy,21,Monday,39,3641,2,21.2,0
TXN00871,5.81,petrol,10,Monday,61,3225,3,0.9,0
TXN00872,30.06,online_retail,17,Tuesday,39,2758,4,15.6,0
TXN00873,27.47,petrol,13,Friday,56,1742,1,10.8,0
TXN00874,25.28,luxury_goods,17,Tuesday,70,2019,1,1.0,0
TXN00875,45.92,travel,18,Wednesday,51,2089,3,17.7,0
TXN00876,23.67,pharmacy,9,Wednesday,35,856,3,8.8,0
TXN00877,61.31,restaurant,21,Monday,58,3283,1,23.7,0
TXN00878,13.68,atm_withdrawal,11,Sunday,59,1846,3,17.3,0
TXN00879,12.62,petrol,8,Friday,69,2493,2,7.7,0
TXN00880,16.37,luxury_goods,20,Wednesday,74,320,5,23.8,0
TXN00881,25.31,online_retail,20,Sunday,53,2310,3,5.7,0
TXN00882,79.01,pharmacy,18,Sunday,37,327,2,3.0,0
TXN00883,62.08,electronics,9,Friday,46,721,2,5.8,0
TXN00884,85.66,electronics,7,Sunday,23,422,1,28.5,0
TXN00885,7.78,luxury_goods,14,Thursday,32,843,1,4.2,0
TXN00886,22.76,atm_withdrawal,9,Tuesday,35,3401,2,4.2,0
TXN00887,26.55,petrol,15,Saturday,57,1790,1,23.1,0
TXN00888,45.73,pharmacy,21,Thursday,69,1891,4,10.5,0
TXN00889,52.41,online_retail,11,Thursday,43,1294,4,24.2,0
TXN00890,14.91,luxury_goods,15,Sunday,29,471,4,20.0,0
TXN00891,54.02,electronics,10,Friday,25,3533,4,24.6,0
TXN00892,202.85,restaurant,19,Thursday,42,1076,3,29.1,0
TXN00893,24.31,grocery,13,Wednesday,57,1172,2,5.2,0
TXN00894,21.74,restaurant,16,Monday,39,3264,5,24.8,0
TXN00895,40.36,grocery,19,Wednesday,32,1522,5,24.7,0
TXN00896,216.33,entertainment,15,Friday,72,3458,3,5.4,0
TXN00897,4.13,petrol,20,Thursday,59,2348,3,10.7,0
TXN00898,21.33,online_retail,17,Wednesday,43,1567,3,6.9,0
TXN00899,66.43,grocery,19,Tuesday,58,3557,4,11.0,0
TXN00900,16.62,restaurant,11,Sunday,49,1414,5,3.1,0
TXN00901,8.15,pharmacy,9,Monday,41,1583,1,27.0,0
TXN00902,23.08,pharmacy,15,Wednesday,39,2218,4,27.6,0
TXN00903,31.81,petrol,14,Tuesday,42,2377,3,24.3,0
TXN00904,16.0,entertainment,15,Sunday,61,2547,4,21.6,0
TXN00905,35.51,restaurant,20,Saturday,63,3239,5,21.8,0
TXN00906,13.17,petrol,15,Wednesday,47,2492,1,9.7,0
TXN00907,11.23,luxury_goods,17,Monday,55,228,1,28.4,0
TXN00908,128.46,pharmacy,8,Thursday,61,2583,1,9.6,0
TXN00909,18.19,grocery,20,Monday,49,638,3,22.0,0
TXN00910,41.76,electronics,14,Monday,29,3517,4,18.1,0
TXN00911,209.9,atm_withdrawal,15,Monday,66,2104,4,9.3,0
TXN00912,6.89,atm_withdrawal,12,Wednesday,74,312,2,25.4,0
TXN00913,14.2,restaurant,20,Tuesday,40,1021,3,5.8,0
TXN00914,58.02,online_retail,21,Wednesday,72,3330,5,20.0,0
TXN00915,58.97,luxury_goods,9,Wednesday,42,897,4,3.9,0
TXN00916,49.49,atm_withdrawal,12,Thursday,24,3067,3,18.6,0
TXN00917,7.02,online_retail,13,Wednesday,39,3630,1,29.0,0
TXN00918,29.2,travel,10,Monday,34,647,5,3.7,0
TXN00919,48.29,atm_withdrawal,19,Saturday,50,411,4,18.6,0
TXN00920,223.5,electronics,17,Monday,33,3573,3,1.0,0
TXN00921,31.52,atm_withdrawal,14,Wednesday,71,1341,4,16.8,0
TXN00922,53.18,electronics,13,Wednesday,68,3311,3,13.4,0
TXN00923,159.81,online_retail,20,Tuesday,41,2910,5,27.3,0
TXN00924,12.36,atm_withdrawal,16,Monday,57,1983,3,21.8,0
TXN00925,31.57,restaurant,14,Sunday,62,338,3,17.0,0
TXN00926,32.05,entertainment,11,Friday,68,2436,1,8.2,0
TXN00927,107.71,luxury_goods,15,Monday,42,1080,4,4.1,0
TXN00928,33.94,pharmacy,12,Saturday,39,1112,1,1.3,0
TXN00929,17.76,grocery,10,Sunday,53,1039,1,8.3,0
TXN00930,63.85,atm_withdrawal,10,Wednesday,49,2079,1,12.0,0
TXN00931,1760.95,travel,10,Saturday,31,47,13,952.1,1
TXN00932,25.29,petrol,13,Sunday,33,238,4,23.7,0
TXN00933,33.58,petrol,19,Monday,55,3615,3,28.8,0
TXN00934,13.21,entertainment,10,Thursday,63,3577,5,4.7,0
TXN00935,62.71,luxury_goods,21,Sunday,66,1803,5,1.6,0
TXN00936,23.7,atm_withdrawal,20,Wednesday,71,3362,2,18.4,0
TXN00937,9.07,pharmacy,20,Saturday,47,2122,1,11.8,0
TXN00938,27.74,electronics,8,Tuesday,52,2608,5,1.7,0
TXN00939,210.39,petrol,9,Tuesday,59,1392,3,27.5,0
TXN00940,22.84,petrol,16,Thursday,32,309,1,10.3,0
TXN00941,39.56,electronics,10,Tuesday,29,3580,4,6.9,0
TXN00942,62.33,atm_withdrawal,14,Wednesday,29,2127,1,3.5,0
TXN00943,5.25,atm_withdrawal,12,Sunday,34,765,4,1.1,0
TXN00944,51.64,travel,12,Saturday,73,364,1,11.9,0
TXN00945,12.15,entertainment,21,Wednesday,54,1721,5,14.5,0
TXN00946,12.48,restaurant,21,Monday,75,2441,4,4.9,0
TXN00947,65.34,restaurant,20,Sunday,50,498,5,27.4,0
TXN00948,20.6,entertainment,10,Saturday,34,2633,3,20.5,0
TXN00949,32.85,electronics,21,Thursday,64,2088,1,0.7,0
TXN00950,75.73,pharmacy,9,Saturday,55,2754,3,18.7,0
TXN00951,49.36,pharmacy,15,Saturday,61,2652,2,12.8,0
TXN00952,41.77,travel,10,Wednesday,43,1399,5,2.9,0
TXN00953,81.06,luxury_goods,7,Wednesday,56,2403,2,10.1,0
TXN00954,34.71,entertainment,15,Wednesday,26,1672,5,13.8,0
TXN00955,15.29,entertainment,14,Sunday,26,2440,2,16.1,0
TXN00956,10.71,travel,10,Sunday,39,2401,1,5.0,0
TXN00957,37.82,grocery,13,Monday,66,759,1,6.9,0
TXN00958,35.14,petrol,21,Sunday,42,333,1,4.9,0
TXN00959,15.56,electronics,18,Tuesday,48,3492,1,15.6,0
TXN00960,1253.14,atm_withdrawal,15,Sunday,24,25,8,1335.0,1
TXN00961,42.26,entertainment,20,Wednesday,52,2003,5,28.1,0
TXN00962,85.97,atm_withdrawal,11,Saturday,47,3422,5,1.6,0
TXN00963,1.86,online_retail,10,Monday,21,13,25,1998.6,1
TXN00964,191.59,travel,19,Wednesday,67,939,4,9.9,0
TXN00965,49.81,grocery,7,Thursday,39,947,2,17.5,0
TXN00966,73.04,grocery,7,Wednesday,71,625,3,5.3,0
TXN00967,70.74,luxury_goods,12,Friday,70,2131,4,22.9,0
TXN00968,92.99,online_retail,20,Saturday,68,2852,4,29.0,0
TXN00969,27.32,entertainment,21,Monday,37,1603,3,5.2,0
TXN00970,40.41,travel,16,Saturday,59,2336,3,11.7,0
TXN00971,288.08,electronics,20,Wednesday,53,839,5,8.8,0
TXN00972,118.92,travel,10,Wednesday,27,1724,3,2.7,0
TXN00973,12.04,atm_withdrawal,8,Sunday,72,662,1,0.9,0
TXN00974,191.48,restaurant,17,Monday,37,1615,4,18.0,0
TXN00975,83.43,entertainment,7,Wednesday,74,3340,3,9.7,0
TXN00976,16.14,restaurant,15,Wednesday,26,2244,5,15.5,0
TXN00977,162.91,restaurant,16,Monday,54,636,4,2.7,0
TXN00978,32.28,atm_withdrawal,7,Tuesday,51,2507,2,26.5,0
TXN00979,122.18,atm_withdrawal,7,Monday,45,3496,3,2.8,0
TXN00980,2614.17,electronics,12,Sunday,19,118,22,293.4,1
TXN00981,84.41,travel,8,Thursday,29,1353,4,14.4,0
TXN00982,118.1,travel,8,Saturday,56,1677,2,11.4,0
TXN00983,72.37,electronics,10,Saturday,66,1662,4,12.3,0
TXN00984,54.65,online_retail,16,Friday,32,2897,4,5.5,0
TXN00985,40.59,luxury_goods,21,Friday,59,3039,4,9.2,0
TXN00986,42.94,petrol,17,Wednesday,37,1124,2,21.6,0
TXN00987,28.34,pharmacy,16,Tuesday,58,1661,4,6.0,0
TXN00988,91.32,luxury_goods,16,Friday,43,1866,2,10.6,0
TXN00989,25.66,restaurant,18,Monday,25,1670,4,22.1,0
TXN00990,28.45,online_retail,9,Saturday,52,1008,1,10.8,0
TXN00991,18.33,petrol,8,Friday,62,557,5,15.5,0
TXN00992,23.3,petrol,10,Tuesday,67,1409,2,23.0,0
TXN00993,200.53,grocery,7,Wednesday,63,720,5,23.8,0
TXN00994,26.04,luxury_goods,19,Friday,65,2630,2,4.0,0
TXN00995,1570.3,luxury_goods,3,Sunday,21,24,17,238.6,1
TXN00996,75.22,luxury_goods,11,Tuesday,24,3301,5,15.6,0
TXN00997,15.02,grocery,10,Friday,44,2694,1,28.6,0
TXN00998,75.9,luxury_goods,13,Tuesday,49,3468,2,15.1,0
TXN00999,18.84,luxury_goods,14,Tuesday,66,2298,2,17.9,0
TXN01000,26.6,restaurant,18,Thursday,62,2810,3,25.6,0
